customer_id,name,email
1,Customer 1,customer1@example.com
2,Customer 2,customer2@example.com
3,Customer 3,customer3@example.com
4,Customer 4,customer4@example.com
5,Customer 5,customer5@example.com
6,Customer 6,customer6@example.com
7,Customer 7,customer7@example.com
8,Customer 8,customer8@example.com
9,Customer 9,customer9@example.com
10,Customer 10,customer10@example.com
11,Customer 11,customer11@example.com
12,Customer 12,customer12@example.com
13,Customer 13,customer13@example.com
14,Customer 14,customer14@example.com
15,Customer 15,customer15@example.com
16,Customer 16,customer16@example.com
17,Customer 17,customer17@example.com
18,Customer 18,customer18@example.com
19,Customer 19,customer19@example.com
20,Customer 20,customer20@example.com
21,Customer 21,customer21@example.com
22,Customer 22,customer22@example.com
23,Customer 23,customer23@example.com
24,Customer 24,customer24@example.com
25,Customer 25,customer25@example.com
26,Customer 26,customer26@example.com
27,Customer 27,customer27@example.com
28,Customer 28,customer28@example.com
29,Customer 29,customer29@example.com
30,Customer 30,customer30@example.com
31,Customer 31,customer31@example.com
32,Customer 32,customer32@example.com
33,Customer 33,customer33@example.com
34,Customer 34,customer34@example.com
35,Customer 35,customer35@example.com
36,Customer 36,customer36@example.com
37,Customer 37,customer37@example.com
38,Customer 38,customer38@example.com
39,Customer 39,customer39@example.com
40,Customer 40,customer40@example.com
41,Customer 41,customer41@example.com
42,Customer 42,customer42@example.com
43,Customer 43,customer43@example.com
44,Customer 44,customer44@example.com
45,Customer 45,customer45@example.com
46,Customer 46,customer46@example.com
47,Customer 47,customer47@example.com
48,Customer 48,customer48@example.com
49,Customer 49,customer49@example.com
50,Customer 50,customer50@example.com
51,Customer 51,customer51@example.com
52,Customer 52,customer52@example.com
53,Customer 53,customer53@example.com
54,Customer 54,customer54@example.com
55,Customer 55,customer55@example.com
56,Customer 56,customer56@example.com
57,Customer 57,customer57@example.com
58,Customer 58,customer58@example.com
59,Customer 59,customer59@example.com
60,Customer 60,customer60@example.com
61,Customer 61,customer61@example.com
62,Customer 62,customer62@example.com
63,Customer 63,customer63@example.com
64,Customer 64,customer64@example.com
65,Customer 65,customer65@example.com
66,Customer 66,customer66@example.com
67,Customer 67,customer67@example.com
68,Customer 68,customer68@example.com
69,Customer 69,customer69@example.com
70,Customer 70,customer70@example.com
71,Customer 71,customer71@example.com
72,Customer 72,customer72@example.com
73,Customer 73,customer73@example.com
74,Customer 74,customer74@example.com
75,Customer 75,customer75@example.com
76,Customer 76,customer76@example.com
77,Customer 77,customer77@example.com
78,Customer 78,customer78@example.com
79,Customer 79,customer79@example.com
80,Customer 80,customer80@example.com
81,Customer 81,customer81@example.com
82,Customer 82,customer82@example.com
83,Customer 83,customer83@example.com
84,Customer 84,customer84@example.com
85,Customer 85,customer85@example.com
86,Customer 86,customer86@example.com
87,Customer 87,customer87@example.com
88,Customer 88,customer88@example.com
89,Customer 89,customer89@example.com
90,Customer 90,customer90@example.com
91,Customer 91,customer91@example.com
92,Customer 92,customer92@example.com
93,Customer 93,customer93@example.com
94,Customer 94,customer94@example.com
95,Customer 95,customer95@example.com
96,Customer 96,customer96@example.com
97,Customer 97,customer97@example.com
98,Customer 98,customer98@example.com
99,Customer 99,customer99@example.com
100,Customer 100,customer100@example.com
